Query_ID	Target_ID	Optimal_offset	p-value	E-value	q-value	Overlap	Query_consensus	Target_consensus	Orientation
1-RCCACACCCWD	MA0493.1	1	4.04735e-08	5.68248e-05	0.000113407	10	GCCACACCCAG	GGCCACACCCA	+
1-RCCACACCCWD	MA0039.3	-1	1.86279e-05	0.0261536	0.0173938	10	GCCACACCCAG	CCACACCCTGC	+
1-RCCACACCCWD	MA0742.1	1	2.11702e-05	0.0297229	0.0173938	11	GCCACACCCAG	GACCACGCCCTTATT	+
1-RCCACACCCWD	MA0599.1	0	2.63698e-05	0.0370232	0.0173938	10	GCCACACCCAG	GCCCCGCCCC	+
1-RCCACACCCWD	MA1107.1	1	3.10381e-05	0.0435775	0.0173938	11	GCCACACCCAG	GGCCACACCCACC	+
1-RCCACACCCWD	MA0333.1	1	0.000315199	0.442539	0.147198	8	GCCACACCCAG	CGCCACACC	-
1-RCCACACCCWD	MA0746.1	0	0.000405272	0.569001	0.162225	11	GCCACACCCAG	GCCACGCCCCC	+
1-RCCACACCCWD	MA0747.1	0	0.000649557	0.911978	0.227508	11	GCCACACCCAG	GCCACGCCCACT	+
2-ACWGATAAS	MA0140.2	9	6.03607e-05	0.0847465	0.0864194	9	ACTGATAAG	CTGCTCCTCACAGATAAG	-
2-ACWGATAAS	MA0300.1	-1	6.15523e-05	0.0864194	0.0864194	8	ACTGATAAG	CCGATAAG	+
2-ACWGATAAS	MA0035.3	0	0.000142694	0.200343	0.133562	9	ACTGATAAG	ACAGATAAGAA	-
2-ACWGATAAS	MA0542.1	-2	0.000275721	0.387112	0.170721	7	ACTGATAAG	TGATAAGA	-
2-ACWGATAAS	MA0766.1	-2	0.00030399	0.426802	0.170721	7	ACTGATAAG	AGATAAGA	+
2-ACWGATAAS	MA0307.1	-3	0.000552955	0.776349	0.238776	5	ACTGATAAG	GATAA	+
2-ACWGATAAS	MA0037.3	-2	0.00059524	0.835716	0.238776	7	ACTGATAAG	AGATAAGA	+
3-CCCCKCCC	MA0079.3	1	1.92517e-07	0.000270294	0.000535565	8	CCCCGCCC	GCCCCGCCCCC	+
3-CCCCKCCC	MA0599.1	1	1.44024e-05	0.0202209	0.0136331	8	CCCCGCCC	GCCCCGCCCC	+
3-CCCCKCCC	MA0516.1	1	1.47018e-05	0.0206414	0.0136331	8	CCCCGCCC	GCCCCGCCCCCTCCC	+
3-CCCCKCCC	MA0471.1	3	0.000113855	0.159853	0.054357	8	CCCCGCCC	CCTTCCCGCCC	-
3-CCCCKCCC	MA0741.1	1	0.000128493	0.180405	0.054357	8	CCCCGCCC	GCCACGCCCCC	+
3-CCCCKCCC	MA0470.1	3	0.000128493	0.180405	0.054357	8	CCCCGCCC	CCTTCCCGCCC	-
3-CCCCKCCC	MA0746.1	1	0.000136776	0.192034	0.054357	8	CCCCGCCC	GCCACGCCCCC	+
3-CCCCKCCC	MA1122.1	3	0.000209671	0.294378	0.0665102	8	CCCCGCCC	CCTTCCCGCCC	-
3-CCCCKCCC	MA0747.1	1	0.000223758	0.314156	0.0665102	8	CCCCGCCC	GCCACGCCCACT	+
3-CCCCKCCC	MA0685.1	4	0.000239081	0.33567	0.0665102	8	CCCCGCCC	TAAGCCACGCCCCCTTT	+
3-CCCCKCCC	MA0290.1	2	0.00032182	0.451835	0.0813884	8	CCCCGCCC	AATCCCGCCCGCGGCTTTT	-
3-CCCCKCCC	MA0732.1	0	0.000412086	0.578568	0.08759	8	CCCCGCCC	CTACGCCCACGCACT	+
3-CCCCKCCC	MA0753.1	0	0.000465949	0.654192	0.08759	8	CCCCGCCC	CCCCCCCCAC	+
3-CCCCKCCC	MA0740.1	2	0.000470111	0.660036	0.08759	8	CCCCGCCC	GGCCACGCCCCCTT	+
3-CCCCKCCC	MA0431.1	1	0.000493496	0.692869	0.08759	8	CCCCGCCC	ACCCCGCAC	+
3-CCCCKCCC	MA0979.1	0	0.000511153	0.717659	0.08759	8	CCCCGCCC	CGCCGCCC	+
3-CCCCKCCC	MA0742.1	2	0.000535255	0.751498	0.08759	8	CCCCGCCC	GACCACGCCCTTATT	+
4-CTGGGGAGA	MA0056.1	-1	0.000249533	0.350344	0.700687	6	CTGGGGAGA	TGGGGA	+
5-AACAAGGAAARA	MA0555.1	7	1.85518e-05	0.0260468	0.038317	12	AACAAGGAAAAA	ATTACCAAAAAAGGAAAGAA	+
5-AACAAGGAAARA	MA0554.1	3	3.30973e-05	0.0464686	0.038317	12	AACAAGGAAAAA	CCAAAAATGGAAAAA	-
5-AACAAGGAAARA	MA1205.1	6	4.11277e-05	0.0577433	0.038317	12	AACAAGGAAAAA	TTTCCAAAAAAGGAAAAAA	+
5-AACAAGGAAARA	MA1270.1	2	8.90167e-05	0.124979	0.0621999	12	AACAAGGAAAAA	AAAAAAAGCAAAAAGTAAA	-
5-AACAAGGAAARA	MA0559.1	3	0.000259392	0.364187	0.144999	11	AACAAGGAAAAA	CCAAAAAAGGAAAA	+
5-AACAAGGAAARA	MA1204.1	6	0.000342906	0.48144	0.159736	12	AACAAGGAAAAA	TTACCAAAAATGGAAAAT	+
5-AACAAGGAAARA	MA1273.1	5	0.000531055	0.745601	0.200599	12	AACAAGGAAAAA	AAAAAAAAAAGGCAAAAAA	+
5-AACAAGGAAARA	MA1278.1	0	0.00060598	0.850795	0.200599	12	AACAAGGAAAAA	AAAAAGTAAAAAAAAAAAAAA	-
5-AACAAGGAAARA	MA1268.1	8	0.000697027	0.978626	0.200599	12	AACAAGGAAAAA	AAAAAAAAAAAAAAGAAAAAGTGAAAA	-

# Tomtom (Motif Comparison Tool): Version 5.3.2 compiled on Feb  5 2021 at 18:21:12
# The format of this file is described at https://meme-suite.org/meme/doc/tomtom-output-format.html.
# tomtom -verbosity 1 -oc memechip_example_output_files/streme_tomtom_out -min-overlap 5 -dist pearson -evalue -thresh 1 -no-ssc memechip_example_output_files/streme_out/streme.xml JASPAR2018_CORE_non-redundant.meme
